strike;date_expiration;bid;ask;volume;open_interest;spot;date_obs;;;;;;;;;;;;;;
100;28/03/2025;97.10;98.85;3;19;218.27;23/03/2025;;;;;;;;;;;;;;
110;28/03/2025;87.95;88.85;-;1;218.27;23/03/2025;;;;;;;;;;;;;;
120;28/03/2025;78.00;78.85;36;3;218.27;23/03/2025;;;;;;;;;;;;;;
130;28/03/2025;72.30;73.90;10;6;218.27;23/03/2025;;;;;;;;;;;;;;
140;28/03/2025;67.95;68.90;6;70;218.27;23/03/2025;;;;;;;;;;;;;;
145;28/03/2025;65.50;66.40;-;6;218.27;23/03/2025;;;;;;;;;;;;;;
150;28/03/2025;62.85;63.90;8;15;218.27;23/03/2025;;;;;;;;;;;;;;
155;28/03/2025;60.50;61.40;32;5;218.27;23/03/2025;;;;;;;;;;;;;;
160;28/03/2025;57.85;58.90;3;86;218.27;23/03/2025;;;;;;;;;;;;;;
165;28/03/2025;55.50;56.35;8;13;218.27;23/03/2025;;;;;;;;;;;;;;
170;28/03/2025;53.00;53.90;4;15;218.27;23/03/2025;;;;;;;;;;;;;;
175;28/03/2025;50.50;51.35;8;22;218.27;23/03/2025;;;;;;;;;;;;;;
180;28/03/2025;47.95;48.90;45;19;218.27;23/03/2025;;;;;;;;;;;;;;
185;28/03/2025;45.35;46.40;4;21;218.27;23/03/2025;;;;;;;;;;;;;;
190;28/03/2025;42.90;43.90;11;15;218.27;23/03/2025;;;;;;;;;;;;;;
195;28/03/2025;40.55;41.45;4;15;218.27;23/03/2025;;;;;;;;;;;;;;
200;28/03/2025;38.05;38.95;26;69;218.27;23/03/2025;;;;;;;;;;;;;;
205;28/03/2025;35.50;36.45;4;10;218.27;23/03/2025;;;;;;;;;;;;;;
210;28/03/2025;32.40;33.95;66;30;218.27;23/03/2025;;;;;;;;;;;;;;
215;28/03/2025;30.55;31.40;5;39;218.27;23/03/2025;;;;;;;;;;;;;;
220;28/03/2025;28.05;29.00;83;110;218.27;23/03/2025;;;;;;;;;;;;;;
225;28/03/2025;24.90;26.50;4;128;218.27;23/03/2025;;;;;;;;;;;;;;
230;28/03/2025;23.00;24.00;73;163;218.27;23/03/2025;;;;;;;;;;;;;;
235;28/03/2025;20.60;21.55;32;134;218.27;23/03/2025;;;;;;;;;;;;;;
240;28/03/2025;18.10;19.10;1,336;446;218.27;23/03/2025;;;;;;;;;;;;;;
245;28/03/2025;15.80;16.65;202;208;218.27;23/03/2025;;;;;;;;;;;;;;
250;28/03/2025;13.65;14.10;617;1,249;218.27;23/03/2025;;;;;;;;;;;;;;
255;28/03/2025;11.15;11.70;418;960;218.27;23/03/2025;;;;;;;;;;;;;;
260;28/03/2025;9.05;10.80;2,729;2,108;218.27;23/03/2025;;;;;;;;;;;;;;
265;28/03/2025;7.10;7.30;7,014;2,877;218.27;23/03/2025;;;;;;;;;;;;;;
270;28/03/2025;5.20;5.45;21,772;7,529;218.27;23/03/2025;;;;;;;;;;;;;;
275;28/03/2025;3.65;3.80;13,729;7,439;218.27;23/03/2025;;;;;;;;;;;;;;
280;28/03/2025;2.38;2.47;24,441;21,544;218.27;23/03/2025;;;;;;;;;;;;;;
285;28/03/2025;1.41;1.51;12,833;8,428;218.27;23/03/2025;;;;;;;;;;;;;;
290;28/03/2025;0.75;0.83;16,878;20,177;218.27;23/03/2025;;;;;;;;;;;;;;
295;28/03/2025;0.38;0.42;3,711;5,225;218.27;23/03/2025;;;;;;;;;;;;;;
300;28/03/2025;0.19;0.21;6,217;6,847;218.27;23/03/2025;;;;;;;;;;;;;;
305;28/03/2025;0.10;0.12;2,29;4,001;218.27;23/03/2025;;;;;;;;;;;;;;
310;28/03/2025;0.05;0.07;2,865;5,559;218.27;23/03/2025;;;;;;;;;;;;;;
315;28/03/2025;0.03;0.04;929;1,776;218.27;23/03/2025;;;;;;;;;;;;;;
320;28/03/2025;0.02;0.03;910;4,709;218.27;23/03/2025;;;;;;;;;;;;;;
325;28/03/2025;0.02;0.03;549;1,33;218.27;23/03/2025;;;;;;;;;;;;;;
330;28/03/2025;0.01;0.03;777;4,961;218.27;23/03/2025;;;;;;;;;;;;;;
247.5;28/03/2025;0.01;0.02;368;1,58;218.27;23/03/2025;;;;;;;;;;;;;;
250;28/03/2025;0.01;0.02;412;7,342;218.27;23/03/2025;;;;;;;;;;;;;;
252.5;28/03/2025;0.01;0.02;1;361;218.27;23/03/2025;;;;;;;;;;;;;;
255;28/03/2025;0.01;0.02;63;6,503;218.27;23/03/2025;;;;;;;;;;;;;;
257.5;28/03/2025;0.00;0.01;4;373;218.27;23/03/2025;;;;;;;;;;;;;;
260;28/03/2025;0.00;0.01;53;15,156;218.27;23/03/2025;;;;;;;;;;;;;;
262.5;28/03/2025;0.00;0.01;1;53;218.27;23/03/2025;;;;;;;;;;;;;;
265;28/03/2025;0.00;0.01;19;5,318;218.27;23/03/2025;;;;;;;;;;;;;;
270;28/03/2025;0.00;0.01;4;2,41;218.27;23/03/2025;;;;;;;;;;;;;;
275;28/03/2025;0.00;0.01;1;650;218.27;23/03/2025;;;;;;;;;;;;;;
280;28/03/2025;0.00;0.01;4;1,202;218.27;23/03/2025;;;;;;;;;;;;;;
285;28/03/2025;0.00;0.01;1;300;218.27;23/03/2025;;;;;;;;;;;;;;
290;28/03/2025;0.00;0.01;3;340;218.27;23/03/2025;;;;;;;;;;;;;;
295;28/03/2025;0.00;0.01;1;79;218.27;23/03/2025;;;;;;;;;;;;;;
300;28/03/2025;0.00;0.01;1;91;218.27;23/03/2025;;;;;;;;;;;;;;
305;28/03/2025;0.00;0.01;22;42;218.27;23/03/2025;;;;;;;;;;;;;;
310;28/03/2025;0.00;0.01;5;701;218.27;23/03/2025;;;;;;;;;;;;;;
315;28/03/2025;0.00;0.01;1;248;218.27;23/03/2025;;;;;;;;;;;;;;
320;28/03/2025;0.00;0.01;3;6;218.27;23/03/2025;;;;;;;;;;;;;;
325;28/03/2025;0.00;0.01;100;213;218.27;23/03/2025;;;;;;;;;;;;;;
330;28/03/2025;0.00;0.01;2;221;218.27;23/03/2025;;;;;;;;;;;;;;
100;04/04/2025;118.05;118.95;1;2;218.27;23/03/2025;;;;;;;;;;;;;;
110;04/04/2025;108.05;109.00;2;32;218.27;23/03/2025;;;;;;;;;;;;;;
120;04/04/2025;98.00;99.00;1;13;218.27;23/03/2025;;;;;;;;;;;;;;
130;04/04/2025;88.05;89.05;4;8;218.27;23/03/2025;;;;;;;;;;;;;;
140;04/04/2025;77.90;79.05;1;9;218.27;23/03/2025;;;;;;;;;;;;;;
145;04/04/2025;72.35;74.05;1;22;218.27;23/03/2025;;;;;;;;;;;;;;
150;04/04/2025;68.15;69.10;4;608;218.27;23/03/2025;;;;;;;;;;;;;;
155;04/04/2025;63.10;64.10;659;424;218.27;23/03/2025;;;;;;;;;;;;;;
160;04/04/2025;57.50;59.10;4;17;218.27;23/03/2025;;;;;;;;;;;;;;
165;04/04/2025;53.15;54.15;8;32;218.27;23/03/2025;;;;;;;;;;;;;;
170;04/04/2025;48.20;49.15;24;36;218.27;23/03/2025;;;;;;;;;;;;;;
175;04/04/2025;43.50;44.15;1;33;218.27;23/03/2025;;;;;;;;;;;;;;
180;04/04/2025;37.60;39.25;2;157;218.27;23/03/2025;;;;;;;;;;;;;;
185;04/04/2025;33.55;34.25;16;83;218.27;23/03/2025;;;;;;;;;;;;;;
190;04/04/2025;28.35;29.35;9;132;218.27;23/03/2025;;;;;;;;;;;;;;
195;04/04/2025;23.45;24.50;15;312;218.27;23/03/2025;;;;;;;;;;;;;;
200;04/04/2025;18.80;19.55;184;380;218.27;23/03/2025;;;;;;;;;;;;;;
205;04/04/2025;14.50;15.95;176;209;218.27;23/03/2025;;;;;;;;;;;;;;
210;04/04/2025;10.10;10.60;293;786;218.27;23/03/2025;;;;;;;;;;;;;;
215;04/04/2025;6.65;6.95;2,664;2,911;218.27;23/03/2025;;;;;;;;;;;;;;
220;04/04/2025;3.80;4.00;3,168;4,247;218.27;23/03/2025;;;;;;;;;;;;;;
225;04/04/2025;1.84;2.00;4,096;5,04;218.27;23/03/2025;;;;;;;;;;;;;;
230;04/04/2025;0.82;0.87;2,665;4,132;218.27;23/03/2025;;;;;;;;;;;;;;
235;04/04/2025;0.32;0.35;830;3,594;218.27;23/03/2025;;;;;;;;;;;;;;
240;04/04/2025;0.13;0.16;706;6,414;218.27;23/03/2025;;;;;;;;;;;;;;
245;04/04/2025;0.06;0.21;49;2,774;218.27;23/03/2025;;;;;;;;;;;;;;
250;04/04/2025;0.03;0.05;118;3,163;218.27;23/03/2025;;;;;;;;;;;;;;
255;04/04/2025;0.02;0.04;37;1,825;218.27;23/03/2025;;;;;;;;;;;;;;
260;04/04/2025;0.01;0.03;15;3,083;218.27;23/03/2025;;;;;;;;;;;;;;
265;04/04/2025;0.01;0.03;15;1,391;218.27;23/03/2025;;;;;;;;;;;;;;
270;04/04/2025;0.00;0.03;17;5,824;218.27;23/03/2025;;;;;;;;;;;;;;
275;04/04/2025;0.01;0.03;45;973;218.27;23/03/2025;;;;;;;;;;;;;;
280;04/04/2025;0.00;0.01;6;242;218.27;23/03/2025;;;;;;;;;;;;;;
285;04/04/2025;0.00;0.02;2;213;218.27;23/03/2025;;;;;;;;;;;;;;
290;04/04/2025;0.00;0.02;2;787;218.27;23/03/2025;;;;;;;;;;;;;;
295;04/04/2025;0.00;0.02;1;142;218.27;23/03/2025;;;;;;;;;;;;;;
300;04/04/2025;0.00;0.01;16;92;218.27;23/03/2025;;;;;;;;;;;;;;
305;04/04/2025;0.00;0.01;2;23;218.27;23/03/2025;;;;;;;;;;;;;;
310;04/04/2025;0.00;0.01;4;5;218.27;23/03/2025;;;;;;;;;;;;;;
315;04/04/2025;0.00;0.01;1;17;218.27;23/03/2025;;;;;;;;;;;;;;
320;04/04/2025;0.00;0.01;1;1;218.27;23/03/2025;;;;;;;;;;;;;;
325;04/04/2025;0.00;0.01;1;11;218.27;23/03/2025;;;;;;;;;;;;;;
330;04/04/2025;0.00;0.01;6;7;218.27;23/03/2025;;;;;;;;;;;;;;
100;25/04/2025;117.85;120.20;5;12;218.27;23/03/2025;;;;;;;;;;;;;;
120;25/04/2025;97.80;100.15;1;24;218.27;23/03/2025;;;;;;;;;;;;;;
130;25/04/2025;87.90;90.10;42;42;218.27;23/03/2025;;;;;;;;;;;;;;
140;25/04/2025;77.85;80.40;5;2;218.27;23/03/2025;;;;;;;;;;;;;;
160;25/04/2025;58.85;60.10;1;2;218.27;23/03/2025;;;;;;;;;;;;;;
165;25/04/2025;52.90;55.95;1;8,528;218.27;23/03/2025;;;;;;;;;;;;;;
170;25/04/2025;48.95;50.25;1;7;218.27;23/03/2025;;;;;;;;;;;;;;
175;25/04/2025;43.90;46.05;1;19;218.27;23/03/2025;;;;;;;;;;;;;;
180;25/04/2025;39.15;40.60;2;11;218.27;23/03/2025;;;;;;;;;;;;;;
185;25/04/2025;34.40;35.90;18;36;218.27;23/03/2025;;;;;;;;;;;;;;
190;25/04/2025;29.00;30.45;5;2,08;218.27;23/03/2025;;;;;;;;;;;;;;
195;25/04/2025;24.50;26.30;39;70;218.27;23/03/2025;;;;;;;;;;;;;;
200;25/04/2025;20.10;21.85;8;76;218.27;23/03/2025;;;;;;;;;;;;;;
205;25/04/2025;16.00;17.60;84;63;218.27;23/03/2025;;;;;;;;;;;;;;
210;25/04/2025;12.20;13.25;240;371;218.27;23/03/2025;;;;;;;;;;;;;;
215;25/04/2025;9.20;9.55;335;632;218.27;23/03/2025;;;;;;;;;;;;;;
220;25/04/2025;6.30;6.65;235;891;218.27;23/03/2025;;;;;;;;;;;;;;
225;25/04/2025;4.00;4.30;288;10,001;218.27;23/03/2025;;;;;;;;;;;;;;
230;25/04/2025;2.37;2.64;1,135;2,647;218.27;23/03/2025;;;;;;;;;;;;;;
235;25/04/2025;1.30;1.55;850;2,034;218.27;23/03/2025;;;;;;;;;;;;;;
240;25/04/2025;0.70;0.89;489;1,4;218.27;23/03/2025;;;;;;;;;;;;;;
245;25/04/2025;0.39;0.50;376;1,291;218.27;23/03/2025;;;;;;;;;;;;;;
250;25/04/2025;0.20;0.28;290;1,307;218.27;23/03/2025;;;;;;;;;;;;;;
255;25/04/2025;0.11;0.22;9;677;218.27;23/03/2025;;;;;;;;;;;;;;
260;25/04/2025;0.06;0.19;96;934;218.27;23/03/2025;;;;;;;;;;;;;;
265;25/04/2025;0.02;0.16;94;52;218.27;23/03/2025;;;;;;;;;;;;;;
270;25/04/2025;0.00;0.08;107;145;218.27;23/03/2025;;;;;;;;;;;;;;
275;25/04/2025;0.01;0.05;300;363;218.27;23/03/2025;;;;;;;;;;;;;;
280;25/04/2025;0.01;0.11;15;75;218.27;23/03/2025;;;;;;;;;;;;;;
285;25/04/2025;0.01;0.11;-;16;218.27;23/03/2025;;;;;;;;;;;;;;
290;25/04/2025;0.00;0.10;17;18;218.27;23/03/2025;;;;;;;;;;;;;;
300;25/04/2025;0.01;0.09;1;4;218.27;23/03/2025;;;;;;;;;;;;;;
305;25/04/2025;0.00;0.09;16;26;218.27;23/03/2025;;;;;;;;;;;;;;
330;25/04/2025;-;0.04;-;22;218.27;23/03/2025;;;;;;;;;;;;;;
100;16/05/2025;117.90;119.80;81;175;218.27;23/03/2025;;;;;;;;;;;;;;
105;16/05/2025;134.65;135.30;3;1;218.27;23/03/2025;;;;;;;;;;;;;;
110;16/05/2025;108.10;110.05;1;5;218.27;23/03/2025;;;;;;;;;;;;;;
115;16/05/2025;103.00;104.90;23;37;218.27;23/03/2025;;;;;;;;;;;;;;
120;16/05/2025;98.05;100.05;1;54;218.27;23/03/2025;;;;;;;;;;;;;;
125;16/05/2025;93.20;95.00;15;8;218.27;23/03/2025;;;;;;;;;;;;;;
130;16/05/2025;88.15;90.25;15;16;218.27;23/03/2025;;;;;;;;;;;;;;
135;16/05/2025;83.30;85.30;5;72;218.27;23/03/2025;;;;;;;;;;;;;;
140;16/05/2025;79.25;80.30;4;216;218.27;23/03/2025;;;;;;;;;;;;;;
145;16/05/2025;74.30;75.45;1;158;218.27;23/03/2025;;;;;;;;;;;;;;
150;16/05/2025;68.55;70.50;1;109;218.27;23/03/2025;;;;;;;;;;;;;;
155;16/05/2025;64.35;65.60;5;13;218.27;23/03/2025;;;;;;;;;;;;;;
160;16/05/2025;59.45;60.70;2;31;218.27;23/03/2025;;;;;;;;;;;;;;
165;16/05/2025;54.65;55.40;2;272;218.27;23/03/2025;;;;;;;;;;;;;;
170;16/05/2025;49.95;50.85;88;239;218.27;23/03/2025;;;;;;;;;;;;;;
175;16/05/2025;45.15;45.85;15;48;218.27;23/03/2025;;;;;;;;;;;;;;
180;16/05/2025;40.20;41.85;54;237;218.27;23/03/2025;;;;;;;;;;;;;;
185;16/05/2025;35.65;36.30;1;181;218.27;23/03/2025;;;;;;;;;;;;;;
190;16/05/2025;31.35;31.65;28;276;218.27;23/03/2025;;;;;;;;;;;;;;
195;16/05/2025;25.70;28.25;36;3,505;218.27;23/03/2025;;;;;;;;;;;;;;
200;16/05/2025;22.70;24.10;358;874;218.27;23/03/2025;;;;;;;;;;;;;;
205;16/05/2025;18.80;20.20;111;810;218.27;23/03/2025;;;;;;;;;;;;;;
210;16/05/2025;15.35;15.55;186;1,19;218.27;23/03/2025;;;;;;;;;;;;;;
215;16/05/2025;12.10;12.30;1,021;2,933;218.27;23/03/2025;;;;;;;;;;;;;;
220;16/05/2025;9.25;9.40;919;5,197;218.27;23/03/2025;;;;;;;;;;;;;;
225;16/05/2025;6.85;7.00;556;5,188;218.27;23/03/2025;;;;;;;;;;;;;;
230;16/05/2025;4.85;5.00;768;7,907;218.27;23/03/2025;;;;;;;;;;;;;;
235;16/05/2025;3.35;3.50;597;7,496;218.27;23/03/2025;;;;;;;;;;;;;;
240;16/05/2025;2.25;2.32;1,934;8,861;218.27;23/03/2025;;;;;;;;;;;;;;
245;16/05/2025;1.48;1.56;406;8,095;218.27;23/03/2025;;;;;;;;;;;;;;
250;16/05/2025;0.98;1.04;599;13,153;218.27;23/03/2025;;;;;;;;;;;;;;
255;16/05/2025;0.65;0.69;368;21,373;218.27;23/03/2025;;;;;;;;;;;;;;
260;16/05/2025;0.45;0.48;387;13,058;218.27;23/03/2025;;;;;;;;;;;;;;
265;16/05/2025;0.32;0.35;71;10,692;218.27;23/03/2025;;;;;;;;;;;;;;
270;16/05/2025;0.24;0.25;39;7,855;218.27;23/03/2025;;;;;;;;;;;;;;
275;16/05/2025;0.17;0.21;10;10,637;218.27;23/03/2025;;;;;;;;;;;;;;
280;16/05/2025;0.13;0.18;6;13,746;218.27;23/03/2025;;;;;;;;;;;;;;
285;16/05/2025;0.10;0.15;1;1,899;218.27;23/03/2025;;;;;;;;;;;;;;
290;16/05/2025;0.08;0.12;13;985;218.27;23/03/2025;;;;;;;;;;;;;;
295;16/05/2025;0.05;0.10;5;671;218.27;23/03/2025;;;;;;;;;;;;;;
300;16/05/2025;0.05;0.08;319;1,118;218.27;23/03/2025;;;;;;;;;;;;;;
305;16/05/2025;0.04;0.05;1;182;218.27;23/03/2025;;;;;;;;;;;;;;
310;16/05/2025;0.03;0.06;2;213;218.27;23/03/2025;;;;;;;;;;;;;;
315;16/05/2025;0.03;0.05;181;148;218.27;23/03/2025;;;;;;;;;;;;;;
320;16/05/2025;0.02;0.03;51;2,105;218.27;23/03/2025;;;;;;;;;;;;;;
5;20/06/2025;211.50;213.85;4;752;218.27;23/03/2025;;;;;;;;;;;;;;
10;20/06/2025;207.55;209.00;1;369;218.27;23/03/2025;;;;;;;;;;;;;;
15;20/06/2025;202.25;205.50;1;0;218.27;23/03/2025;;;;;;;;;;;;;;
20;20/06/2025;197.50;199.45;1;8;218.27;23/03/2025;;;;;;;;;;;;;;
25;20/06/2025;192.40;194.55;1;3;218.27;23/03/2025;;;;;;;;;;;;;;
30;20/06/2025;187.45;190.55;1;2;218.27;23/03/2025;;;;;;;;;;;;;;
35;20/06/2025;199.35;200.20;1;1;218.27;23/03/2025;;;;;;;;;;;;;;
40;20/06/2025;177.45;179.60;1;8;218.27;23/03/2025;;;;;;;;;;;;;;
45;20/06/2025;172.50;174.70;1;3;218.27;23/03/2025;;;;;;;;;;;;;;
50;20/06/2025;167.95;169.20;1;1,251;218.27;23/03/2025;;;;;;;;;;;;;;
55;20/06/2025;162.95;164.50;1;365;218.27;23/03/2025;;;;;;;;;;;;;;
60;20/06/2025;157.90;159.50;1;326;218.27;23/03/2025;;;;;;;;;;;;;;
65;20/06/2025;152.95;154.70;1;267;218.27;23/03/2025;;;;;;;;;;;;;;
70;20/06/2025;148.05;149.65;1;466;218.27;23/03/2025;;;;;;;;;;;;;;
75;20/06/2025;143.15;144.75;1;295;218.27;23/03/2025;;;;;;;;;;;;;;
80;20/06/2025;138.70;139.85;3;309;218.27;23/03/2025;;;;;;;;;;;;;;
85;20/06/2025;133.30;134.65;6;725;218.27;23/03/2025;;;;;;;;;;;;;;
90;20/06/2025;128.40;129.90;40;487;218.27;23/03/2025;;;;;;;;;;;;;;
95;20/06/2025;123.75;124.75;1;3,699;218.27;23/03/2025;;;;;;;;;;;;;;
100;20/06/2025;119.00;120.05;3;325;218.27;23/03/2025;;;;;;;;;;;;;;
105;20/06/2025;114.05;115.20;2;194;218.27;23/03/2025;;;;;;;;;;;;;;
110;20/06/2025;108.70;110.25;5;477;218.27;23/03/2025;;;;;;;;;;;;;;
115;20/06/2025;104.25;105.35;5;390;218.27;23/03/2025;;;;;;;;;;;;;;
120;20/06/2025;99.25;100.20;1;1,254;218.27;23/03/2025;;;;;;;;;;;;;;
125;20/06/2025;93.95;95.50;11;428;218.27;23/03/2025;;;;;;;;;;;;;;
130;20/06/2025;89.40;90.40;27;737;218.27;23/03/2025;;;;;;;;;;;;;;
135;20/06/2025;84.55;85.55;10;783;218.27;23/03/2025;;;;;;;;;;;;;;
140;20/06/2025;79.50;80.60;1;874;218.27;23/03/2025;;;;;;;;;;;;;;
145;20/06/2025;74.80;75.65;1;877;218.27;23/03/2025;;;;;;;;;;;;;;
150;20/06/2025;69.65;70.85;5;1,231;218.27;23/03/2025;;;;;;;;;;;;;;
155;20/06/2025;64.95;66.00;25;1,014;218.27;23/03/2025;;;;;;;;;;;;;;
160;20/06/2025;60.40;61.15;2;2,539;218.27;23/03/2025;;;;;;;;;;;;;;
165;20/06/2025;55.90;56.40;1;1,631;218.27;23/03/2025;;;;;;;;;;;;;;
170;20/06/2025;50.90;51.50;7;2,39;218.27;23/03/2025;;;;;;;;;;;;;;
175;20/06/2025;46.50;46.85;6;2,414;218.27;23/03/2025;;;;;;;;;;;;;;
180;20/06/2025;41.95;42.25;3;6,449;218.27;23/03/2025;;;;;;;;;;;;;;
185;20/06/2025;37.50;37.80;19;3,078;218.27;23/03/2025;;;;;;;;;;;;;;
190;20/06/2025;33.20;33.45;23;7,058;218.27;23/03/2025;;;;;;;;;;;;;;
195;20/06/2025;28.85;29.25;25;7,819;218.27;23/03/2025;;;;;;;;;;;;;;
200;20/06/2025;24.90;25.30;9;15,982;218.27;23/03/2025;;;;;;;;;;;;;;
205;20/06/2025;21.20;21.60;48;7,078;218.27;23/03/2025;;;;;;;;;;;;;;
210;20/06/2025;17.80;19.10;393;14,111;218.27;23/03/2025;;;;;;;;;;;;;;
215;20/06/2025;14.70;14.90;837;12,466;218.27;23/03/2025;;;;;;;;;;;;;;
220;20/06/2025;11.85;12.00;3,069;13,267;218.27;23/03/2025;;;;;;;;;;;;;;
225;20/06/2025;9.35;9.50;301;7,012;218.27;23/03/2025;;;;;;;;;;;;;;
230;20/06/2025;7.15;7.35;735;15,735;218.27;23/03/2025;;;;;;;;;;;;;;
235;20/06/2025;5.35;5.50;396;20,716;218.27;23/03/2025;;;;;;;;;;;;;;
240;20/06/2025;3.95;4.05;585;20,479;218.27;23/03/2025;;;;;;;;;;;;;;
245;20/06/2025;2.85;2.96;558;19,988;218.27;23/03/2025;;;;;;;;;;;;;;
250;20/06/2025;2.05;2.13;1,265;26,946;218.27;23/03/2025;;;;;;;;;;;;;;
255;20/06/2025;1.46;1.51;177;7,168;218.27;23/03/2025;;;;;;;;;;;;;;
260;20/06/2025;1.06;1.09;1,055;31,11;218.27;23/03/2025;;;;;;;;;;;;;;
265;20/06/2025;0.77;0.80;142;10,737;218.27;23/03/2025;;;;;;;;;;;;;;
270;20/06/2025;0.57;0.60;905;16,691;218.27;23/03/2025;;;;;;;;;;;;;;
275;20/06/2025;0.44;0.46;233;6,798;218.27;23/03/2025;;;;;;;;;;;;;;
280;20/06/2025;0.34;0.36;67;12,985;218.27;23/03/2025;;;;;;;;;;;;;;
285;20/06/2025;0.27;0.28;50;3,493;218.27;23/03/2025;;;;;;;;;;;;;;
290;20/06/2025;0.21;0.23;12;6,421;218.27;23/03/2025;;;;;;;;;;;;;;
295;20/06/2025;0.17;0.19;1;1,598;218.27;23/03/2025;;;;;;;;;;;;;;
300;20/06/2025;0.14;0.16;120;26,194;218.27;23/03/2025;;;;;;;;;;;;;;
310;20/06/2025;0.10;0.11;72;5,736;218.27;23/03/2025;;;;;;;;;;;;;;
320;20/06/2025;0.06;0.10;56;5,833;218.27;23/03/2025;;;;;;;;;;;;;;
330;20/06/2025;0.05;0.09;1;2,709;218.27;23/03/2025;;;;;;;;;;;;;;
340;20/06/2025;0.03;0.07;104;2,757;218.27;23/03/2025;;;;;;;;;;;;;;
350;20/06/2025;0.03;0.07;1;8,873;218.27;23/03/2025;;;;;;;;;;;;;;
360;20/06/2025;0.03;0.04;1;4,754;218.27;23/03/2025;;;;;;;;;;;;;;
100;28/03/2025;122.75;124.75;1;42;223.75;26/03/2025;;;;;;;;;;;;;;
110;28/03/2025;112.85;114.75;2;2;223.75;26/03/2025;;;;;;;;;;;;;;
120;28/03/2025;102.90;104.80;3;22;223.75;26/03/2025;;;;;;;;;;;;;;
130;28/03/2025;92.80;94.80;-;1;223.75;26/03/2025;;;;;;;;;;;;;;
140;28/03/2025;82.85;84.65;1;35;223.75;26/03/2025;;;;;;;;;;;;;;
145;28/03/2025;77.75;79.85;10;6;223.75;26/03/2025;;;;;;;;;;;;;;
150;28/03/2025;72.80;74.80;6;70;223.75;26/03/2025;;;;;;;;;;;;;;
152.5;28/03/2025;71.10;71.60;-;6;223.75;26/03/2025;;;;;;;;;;;;;;
155;28/03/2025;68.60;69.10;6;15;223.75;26/03/2025;;;;;;;;;;;;;;
157.5;28/03/2025;66.15;66.60;3;37;223.75;26/03/2025;;;;;;;;;;;;;;
160;28/03/2025;63.65;64.10;3;86;223.75;26/03/2025;;;;;;;;;;;;;;
162.5;28/03/2025;61.15;61.60;8;13;223.75;26/03/2025;;;;;;;;;;;;;;
165;28/03/2025;58.65;59.10;14;26;223.75;26/03/2025;;;;;;;;;;;;;;
167.5;28/03/2025;56.15;57.25;10;25;223.75;26/03/2025;;;;;;;;;;;;;;
170;28/03/2025;53.65;54.00;5;68;223.75;26/03/2025;;;;;;;;;;;;;;
172.5;28/03/2025;51.15;51.50;32;21;223.75;26/03/2025;;;;;;;;;;;;;;
175;28/03/2025;48.70;49.10;10;21;223.75;26/03/2025;;;;;;;;;;;;;;
177.5;28/03/2025;46.15;46.50;6;28;223.75;26/03/2025;;;;;;;;;;;;;;
180;28/03/2025;43.65;44.10;18;90;223.75;26/03/2025;;;;;;;;;;;;;;
182.5;28/03/2025;41.15;41.50;13;14;223.75;26/03/2025;;;;;;;;;;;;;;
185;28/03/2025;38.70;39.10;14;94;223.75;26/03/2025;;;;;;;;;;;;;;
187.5;28/03/2025;36.15;36.60;6;40;223.75;26/03/2025;;;;;;;;;;;;;;
190;28/03/2025;33.65;34.10;3;162;223.75;26/03/2025;;;;;;;;;;;;;;
192.5;28/03/2025;31.15;31.60;4;130;223.75;26/03/2025;;;;;;;;;;;;;;
195;28/03/2025;28.65;29.15;18;348;223.75;26/03/2025;;;;;;;;;;;;;;
197.5;28/03/2025;26.15;26.65;19;139;223.75;26/03/2025;;;;;;;;;;;;;;
200;28/03/2025;23.75;24.05;92;1,454;223.75;26/03/2025;;;;;;;;;;;;;;
202.5;28/03/2025;21.25;21.60;19;277;223.75;26/03/2025;;;;;;;;;;;;;;
205;28/03/2025;18.80;19.05;26;1,477;223.75;26/03/2025;;;;;;;;;;;;;;
207.5;28/03/2025;16.30;16.60;30;1,083;223.75;26/03/2025;;;;;;;;;;;;;;
210;28/03/2025;13.85;14.10;1,83;2,565;223.75;26/03/2025;;;;;;;;;;;;;;
212.5;28/03/2025;11.40;11.65;1,807;3,983;223.75;26/03/2025;;;;;;;;;;;;;;
215;28/03/2025;9.00;9.25;1,701;7,07;223.75;26/03/2025;;;;;;;;;;;;;;
217.5;28/03/2025;6.75;6.90;8,078;10,374;223.75;26/03/2025;;;;;;;;;;;;;;
220;28/03/2025;4.65;4.75;21,063;21,706;223.75;26/03/2025;;;;;;;;;;;;;;
222.5;28/03/2025;2.90;2.95;48,197;12,097;223.75;26/03/2025;;;;;;;;;;;;;;
225;28/03/2025;1.58;1.60;77,815;31,936;223.75;26/03/2025;;;;;;;;;;;;;;
227.5;28/03/2025;0.74;0.76;33,852;12,136;223.75;26/03/2025;;;;;;;;;;;;;;
230;28/03/2025;0.31;0.32;21,042;14,639;223.75;26/03/2025;;;;;;;;;;;;;;
232.5;28/03/2025;0.11;0.12;11,774;13,424;223.75;26/03/2025;;;;;;;;;;;;;;
235;28/03/2025;0.04;0.05;3,409;9,272;223.75;26/03/2025;;;;;;;;;;;;;;
237.5;28/03/2025;0.02;0.03;1,885;6,455;223.75;26/03/2025;;;;;;;;;;;;;;
240;28/03/2025;0.01;0.02;3,155;5,18;223.75;26/03/2025;;;;;;;;;;;;;;
242.5;28/03/2025;0.00;0.01;44;1,776;223.75;26/03/2025;;;;;;;;;;;;;;
245;28/03/2025;0.00;0.01;1,235;6,344;223.75;26/03/2025;;;;;;;;;;;;;;
247.5;28/03/2025;0.00;0.01;47;1,62;223.75;26/03/2025;;;;;;;;;;;;;;
250;28/03/2025;0.00;0.01;35;7,305;223.75;26/03/2025;;;;;;;;;;;;;;
252.5;28/03/2025;0.00;0.01;8;366;223.75;26/03/2025;;;;;;;;;;;;;;
255;28/03/2025;0.00;0.01;81;6,497;223.75;26/03/2025;;;;;;;;;;;;;;
257.5;28/03/2025;0.00;0.01;1;374;223.75;26/03/2025;;;;;;;;;;;;;;
260;28/03/2025;0.00;0.01;5;15,116;223.75;26/03/2025;;;;;;;;;;;;;;
262.5;28/03/2025;0.00;0.01;1;52;223.75;26/03/2025;;;;;;;;;;;;;;
265;28/03/2025;0.00;0.01;13;5,311;223.75;26/03/2025;;;;;;;;;;;;;;
270;28/03/2025;0.00;0.01;1;2,405;223.75;26/03/2025;;;;;;;;;;;;;;
275;28/03/2025;0.00;0.01;1;651;223.75;26/03/2025;;;;;;;;;;;;;;
280;28/03/2025;0.00;0.01;4;1,203;223.75;26/03/2025;;;;;;;;;;;;;;
285;28/03/2025;0.00;0.01;2;300;223.75;26/03/2025;;;;;;;;;;;;;;
290;28/03/2025;0.00;0.01;7;340;223.75;26/03/2025;;;;;;;;;;;;;;
295;28/03/2025;0.00;0.01;1;79;223.75;26/03/2025;;;;;;;;;;;;;;
300;28/03/2025;0.00;0.01;1;91;223.75;26/03/2025;;;;;;;;;;;;;;
305;28/03/2025;0.00;0.01;22;42;223.75;26/03/2025;;;;;;;;;;;;;;
310;28/03/2025;0.00;0.01;5;701;223.75;26/03/2025;;;;;;;;;;;;;;
315;28/03/2025;0.00;0.01;1;248;223.75;26/03/2025;;;;;;;;;;;;;;
320;28/03/2025;0.00;0.01;3;6;223.75;26/03/2025;;;;;;;;;;;;;;
325;28/03/2025;0.00;0.01;100;213;223.75;26/03/2025;;;;;;;;;;;;;;
330;28/03/2025;0.00;0.01;1;223;223.75;26/03/2025;;;;;;;;;;;;;;
100;04/04/2025;122.90;124.95;1;2;223.75;26/03/2025;;;;;;;;;;;;;;
110;04/04/2025;112.90;114.95;2;34;223.75;26/03/2025;;;;;;;;;;;;;;
120;04/04/2025;102.90;105.00;1;13;223.75;26/03/2025;;;;;;;;;;;;;;
130;04/04/2025;93.70;94.85;4;8;223.75;26/03/2025;;;;;;;;;;;;;;
140;04/04/2025;83.75;84.25;1;11;223.75;26/03/2025;;;;;;;;;;;;;;
145;04/04/2025;78.75;79.25;4;25;223.75;26/03/2025;;;;;;;;;;;;;;
150;04/04/2025;73.75;74.75;48;609;223.75;26/03/2025;;;;;;;;;;;;;;
155;04/04/2025;68.75;69.15;4;1,069;223.75;26/03/2025;;;;;;;;;;;;;;
160;04/04/2025;63.75;64.30;4;17;223.75;26/03/2025;;;;;;;;;;;;;;
165;04/04/2025;58.75;59.30;4;32;223.75;26/03/2025;;;;;;;;;;;;;;
170;04/04/2025;53.80;54.30;4;54;223.75;26/03/2025;;;;;;;;;;;;;;
175;04/04/2025;48.80;50.05;9;38;223.75;26/03/2025;;;;;;;;;;;;;;
180;04/04/2025;43.85;44.35;18;161;223.75;26/03/2025;;;;;;;;;;;;;;
185;04/04/2025;38.85;40.10;6;85;223.75;26/03/2025;;;;;;;;;;;;;;
190;04/04/2025;33.90;34.30;24;137;223.75;26/03/2025;;;;;;;;;;;;;;
192.5;04/04/2025;31.50;32.65;43;71;223.75;26/03/2025;;;;;;;;;;;;;;
195;04/04/2025;29.00;29.35;10;318;223.75;26/03/2025;;;;;;;;;;;;;;
197.5;04/04/2025;26.50;27.00;7;36;223.75;26/03/2025;;;;;;;;;;;;;;
200;04/04/2025;24.00;24.55;36;492;223.75;26/03/2025;;;;;;;;;;;;;;
202.5;04/04/2025;21.70;21.90;52;256;223.75;26/03/2025;;;;;;;;;;;;;;
205;04/04/2025;19.25;19.50;37;245;223.75;26/03/2025;;;;;;;;;;;;;;
207.5;04/04/2025;16.85;17.15;40;345;223.75;26/03/2025;;;;;;;;;;;;;;
210;04/04/2025;14.50;14.75;104;1,023;223.75;26/03/2025;;;;;;;;;;;;;;
212.5;04/04/2025;12.25;12.45;68;862;223.75;26/03/2025;;;;;;;;;;;;;;
215;04/04/2025;10.10;10.25;548;3,786;223.75;26/03/2025;;;;;;;;;;;;;;
217.5;04/04/2025;8.10;8.20;1,091;1,217;223.75;26/03/2025;;;;;;;;;;;;;;
220;04/04/2025;6.20;6.35;4,859;7,274;223.75;26/03/2025;;;;;;;;;;;;;;
222.5;04/04/2025;4.60;4.70;5,527;4,436;223.75;26/03/2025;;;;;;;;;;;;;;
225;04/04/2025;3.25;3.30;8,05;7,244;223.75;26/03/2025;;;;;;;;;;;;;;
227.5;04/04/2025;2.16;2.20;4,803;1,429;223.75;26/03/2025;;;;;;;;;;;;;;
230;04/04/2025;1.35;1.38;9,284;6,461;223.75;26/03/2025;;;;;;;;;;;;;;
232.5;04/04/2025;0.80;0.83;3,603;2,043;223.75;26/03/2025;;;;;;;;;;;;;;
235;04/04/2025;0.46;0.48;2,186;4,268;223.75;26/03/2025;;;;;;;;;;;;;;
237.5;04/04/2025;0.26;0.28;495;2,877;223.75;26/03/2025;;;;;;;;;;;;;;
240;04/04/2025;0.15;0.16;1,248;7,71;223.75;26/03/2025;;;;;;;;;;;;;;
245;04/04/2025;0.06;0.07;352;2,665;223.75;26/03/2025;;;;;;;;;;;;;;
250;04/04/2025;0.03;0.04;163;3,186;223.75;26/03/2025;;;;;;;;;;;;;;
255;04/04/2025;0.01;0.03;191;1,805;223.75;26/03/2025;;;;;;;;;;;;;;
260;04/04/2025;0.01;0.02;67;3,458;223.75;26/03/2025;;;;;;;;;;;;;;
265;04/04/2025;0.00;0.01;21;1,38;223.75;26/03/2025;;;;;;;;;;;;;;
270;04/04/2025;0.00;0.02;100;5,838;223.75;26/03/2025;;;;;;;;;;;;;;
275;04/04/2025;0.00;0.01;1;979;223.75;26/03/2025;;;;;;;;;;;;;;
280;04/04/2025;0.00;0.01;6;237;223.75;26/03/2025;;;;;;;;;;;;;;
285;04/04/2025;0.00;0.01;2;214;223.75;26/03/2025;;;;;;;;;;;;;;
290;04/04/2025;0.00;0.01;2;787;223.75;26/03/2025;;;;;;;;;;;;;;
295;04/04/2025;0.00;0.01;1;142;223.75;26/03/2025;;;;;;;;;;;;;;
300;04/04/2025;0.00;0.01;16;92;223.75;26/03/2025;;;;;;;;;;;;;;
305;04/04/2025;0.00;0.01;2;23;223.75;26/03/2025;;;;;;;;;;;;;;
310;04/04/2025;0.00;0.01;4;5;223.75;26/03/2025;;;;;;;;;;;;;;
315;04/04/2025;0.00;0.01;1;17;223.75;26/03/2025;;;;;;;;;;;;;;
320;04/04/2025;0.00;0.01;1;1;223.75;26/03/2025;;;;;;;;;;;;;;
325;04/04/2025;0.00;0.01;1;11;223.75;26/03/2025;;;;;;;;;;;;;;
330;04/04/2025;0.00;0.01;6;13;223.75;26/03/2025;;;;;;;;;;;;;;
100;25/04/2025;123.70;124.70;5;17;223.75;26/03/2025;;;;;;;;;;;;;;
120;25/04/2025;103.95;105.50;1;24;223.75;26/03/2025;;;;;;;;;;;;;;
130;25/04/2025;93.05;94.95;42;42;223.75;26/03/2025;;;;;;;;;;;;;;
140;25/04/2025;83.95;84.85;26;7;223.75;26/03/2025;;;;;;;;;;;;;;
145;25/04/2025;78.15;80.05;1;10;223.75;26/03/2025;;;;;;;;;;;;;;
150;25/04/2025;74.15;75.10;1;1;223.75;26/03/2025;;;;;;;;;;;;;;
160;25/04/2025;64.25;65.15;6;9;223.75;26/03/2025;;;;;;;;;;;;;;
165;25/04/2025;59.25;59.85;2;8,527;223.75;26/03/2025;;;;;;;;;;;;;;
170;25/04/2025;54.35;56.50;5;7;223.75;26/03/2025;;;;;;;;;;;;;;
175;25/04/2025;49.35;50.30;3;23;223.75;26/03/2025;;;;;;;;;;;;;;
180;25/04/2025;44.20;45.40;13;11;223.75;26/03/2025;;;;;;;;;;;;;;
185;25/04/2025;39.30;40.20;3;37;223.75;26/03/2025;;;;;;;;;;;;;;
190;25/04/2025;34.60;35.35;6;2,087;223.75;26/03/2025;;;;;;;;;;;;;;
195;25/04/2025;29.80;30.80;7;49;223.75;26/03/2025;;;;;;;;;;;;;;
200;25/04/2025;25.20;26.00;3;71;223.75;26/03/2025;;;;;;;;;;;;;;
205;25/04/2025;20.65;20.90;1;97;223.75;26/03/2025;;;;;;;;;;;;;;
210;25/04/2025;16.25;16.50;56;382;223.75;26/03/2025;;;;;;;;;;;;;;
215;25/04/2025;12.25;12.45;204;723;223.75;26/03/2025;;;;;;;;;;;;;;
220;25/04/2025;8.75;8.90;577;1,109;223.75;26/03/2025;;;;;;;;;;;;;;
225;25/04/2025;5.75;5.90;1,037;10,22;223.75;26/03/2025;;;;;;;;;;;;;;
230;25/04/2025;3.45;3.60;913;3,41;223.75;26/03/2025;;;;;;;;;;;;;;
235;25/04/2025;1.89;1.97;3,122;3,448;223.75;26/03/2025;;;;;;;;;;;;;;
240;25/04/2025;0.95;1.00;1,391;1,602;223.75;26/03/2025;;;;;;;;;;;;;;
245;25/04/2025;0.47;0.52;1,24;1,232;223.75;26/03/2025;;;;;;;;;;;;;;
250;25/04/2025;0.24;0.27;450;1,54;223.75;26/03/2025;;;;;;;;;;;;;;
255;25/04/2025;0.13;0.16;72;678;223.75;26/03/2025;;;;;;;;;;;;;;
260;25/04/2025;0.07;0.09;145;1,071;223.75;26/03/2025;;;;;;;;;;;;;;
265;25/04/2025;0.05;0.06;2;166;223.75;26/03/2025;;;;;;;;;;;;;;
270;25/04/2025;0.03;0.06;15;160;223.75;26/03/2025;;;;;;;;;;;;;;
275;25/04/2025;0.03;0.05;300;87;223.75;26/03/2025;;;;;;;;;;;;;;
280;25/04/2025;0.02;0.03;22;75;223.75;26/03/2025;;;;;;;;;;;;;;
285;25/04/2025;0.02;0.04;-;16;223.75;26/03/2025;;;;;;;;;;;;;;
290;25/04/2025;0.02;0.04;7;25;223.75;26/03/2025;;;;;;;;;;;;;;
295;25/04/2025;0.00;0.02;-;2,868;223.75;26/03/2025;;;;;;;;;;;;;;
300;25/04/2025;0.01;0.03;110;120;223.75;26/03/2025;;;;;;;;;;;;;;
305;25/04/2025;0.00;0.03;16;26;223.75;26/03/2025;;;;;;;;;;;;;;
330;25/04/2025;0.00;0.01;-;22;223.75;26/03/2025;;;;;;;;;;;;;;
100;16/05/2025;124.15;124.75;20;175;223.75;26/03/2025;;;;;;;;;;;;;;
105;16/05/2025;134.65;135.30;3;1;223.75;26/03/2025;;;;;;;;;;;;;;
110;16/05/2025;114.25;114.80;6;5;223.75;26/03/2025;;;;;;;;;;;;;;
115;16/05/2025;109.35;109.85;37;37;223.75;26/03/2025;;;;;;;;;;;;;;
120;16/05/2025;104.30;104.75;41;54;223.75;26/03/2025;;;;;;;;;;;;;;
125;16/05/2025;99.35;99.95;15;18;223.75;26/03/2025;;;;;;;;;;;;;;
130;16/05/2025;94.45;94.95;15;16;223.75;26/03/2025;;;;;;;;;;;;;;
135;16/05/2025;89.45;89.90;5;72;223.75;26/03/2025;;;;;;;;;;;;;;
140;16/05/2025;84.55;85.05;4;216;223.75;26/03/2025;;;;;;;;;;;;;;
145;16/05/2025;79.55;80.00;2;158;223.75;26/03/2025;;;;;;;;;;;;;;
150;16/05/2025;74.65;75.05;1;109;223.75;26/03/2025;;;;;;;;;;;;;;
155;16/05/2025;69.65;70.15;2;13;223.75;26/03/2025;;;;;;;;;;;;;;
160;16/05/2025;64.80;65.35;46;29;223.75;26/03/2025;;;;;;;;;;;;;;
165;16/05/2025;59.85;60.30;10;273;223.75;26/03/2025;;;;;;;;;;;;;;
170;16/05/2025;55.00;55.40;11;258;223.75;26/03/2025;;;;;;;;;;;;;;
175;16/05/2025;50.15;50.75;21;364;223.75;26/03/2025;;;;;;;;;;;;;;
180;16/05/2025;45.35;45.90;10;289;223.75;26/03/2025;;;;;;;;;;;;;;
185;16/05/2025;40.65;40.95;4;210;223.75;26/03/2025;;;;;;;;;;;;;;
190;16/05/2025;36.00;36.25;13;295;223.75;26/03/2025;;;;;;;;;;;;;;
195;16/05/2025;31.45;31.60;50;3,501;223.75;26/03/2025;;;;;;;;;;;;;;
200;16/05/2025;27.00;27.20;178;1,132;223.75;26/03/2025;;;;;;;;;;;;;;
205;16/05/2025;22.70;22.95;80;776;223.75;26/03/2025;;;;;;;;;;;;;;
210;16/05/2025;18.75;18.90;105;1,248;223.75;26/03/2025;;;;;;;;;;;;;;
215;16/05/2025;15.10;15.25;205;2,588;223.75;26/03/2025;;;;;;;;;;;;;;
220;16/05/2025;11.75;11.85;1,353;6,068;223.75;26/03/2025;;;;;;;;;;;;;;
225;16/05/2025;8.85;8.95;2,616;5,236;223.75;26/03/2025;;;;;;;;;;;;;;
230;16/05/2025;6.40;6.50;4,018;8,516;223.75;26/03/2025;;;;;;;;;;;;;;
235;16/05/2025;4.40;4.50;1,55;8,469;223.75;26/03/2025;;;;;;;;;;;;;;
240;16/05/2025;2.93;2.99;2,539;8,789;223.75;26/03/2025;;;;;;;;;;;;;;
245;16/05/2025;1.89;1.94;1,018;8,463;223.75;26/03/2025;;;;;;;;;;;;;;
250;16/05/2025;1.20;1.23;1,433;12,954;223.75;26/03/2025;;;;;;;;;;;;;;
255;16/05/2025;0.77;0.79;348;21,447;223.75;26/03/2025;;;;;;;;;;;;;;
260;16/05/2025;0.50;0.52;1,416;13,502;223.75;26/03/2025;;;;;;;;;;;;;;
265;16/05/2025;0.33;0.35;324;10,7;223.75;26/03/2025;;;;;;;;;;;;;;
270;16/05/2025;0.23;0.24;79;7,887;223.75;26/03/2025;;;;;;;;;;;;;;
275;16/05/2025;0.16;0.17;24;10,642;223.75;26/03/2025;;;;;;;;;;;;;;
280;16/05/2025;0.12;0.14;592;13,767;223.75;26/03/2025;;;;;;;;;;;;;;
285;16/05/2025;0.09;0.10;23;1,891;223.75;26/03/2025;;;;;;;;;;;;;;
290;16/05/2025;0.07;0.08;51;989;223.75;26/03/2025;;;;;;;;;;;;;;
295;16/05/2025;0.05;0.08;2;667;223.75;26/03/2025;;;;;;;;;;;;;;
300;16/05/2025;0.05;0.06;20;1,602;223.75;26/03/2025;;;;;;;;;;;;;;
305;16/05/2025;0.04;0.05;8;183;223.75;26/03/2025;;;;;;;;;;;;;;
310;16/05/2025;0.03;0.05;15;212;223.75;26/03/2025;;;;;;;;;;;;;;
315;16/05/2025;0.02;0.03;2;265;223.75;26/03/2025;;;;;;;;;;;;;;
320;16/05/2025;0.02;0.03;74;2,122;223.75;26/03/2025;;;;;;;;;;;;;;
5;20/06/2025;218.15;219.20;6;753;223.75;26/03/2025;;;;;;;;;;;;;;
10;20/06/2025;213.15;214.45;1;369;223.75;26/03/2025;;;;;;;;;;;;;;
15;20/06/2025;207.80;209.25;1;0;223.75;26/03/2025;;;;;;;;;;;;;;
20;20/06/2025;202.90;204.30;1;8;223.75;26/03/2025;;;;;;;;;;;;;;
25;20/06/2025;197.85;200.00;1;3;223.75;26/03/2025;;;;;;;;;;;;;;
30;20/06/2025;192.95;194.35;1;2;223.75;26/03/2025;;;;;;;;;;;;;;
35;20/06/2025;199.35;200.20;1;1;223.75;26/03/2025;;;;;;;;;;;;;;
40;20/06/2025;183.00;184.45;1;8;223.75;26/03/2025;;;;;;;;;;;;;;
45;20/06/2025;178.05;179.50;1;3;223.75;26/03/2025;;;;;;;;;;;;;;
50;20/06/2025;173.70;174.55;1;1,251;223.75;26/03/2025;;;;;;;;;;;;;;
55;20/06/2025;168.45;169.60;1;365;223.75;26/03/2025;;;;;;;;;;;;;;
60;20/06/2025;163.45;164.85;1;326;223.75;26/03/2025;;;;;;;;;;;;;;
65;20/06/2025;158.25;159.70;1;267;223.75;26/03/2025;;;;;;;;;;;;;;
70;20/06/2025;153.70;154.80;5;466;223.75;26/03/2025;;;;;;;;;;;;;;
75;20/06/2025;148.40;149.85;1;295;223.75;26/03/2025;;;;;;;;;;;;;;
80;20/06/2025;143.80;145.10;3;309;223.75;26/03/2025;;;;;;;;;;;;;;
85;20/06/2025;139.10;139.85;20;725;223.75;26/03/2025;;;;;;;;;;;;;;
90;20/06/2025;134.35;134.95;40;487;223.75;26/03/2025;;;;;;;;;;;;;;
95;20/06/2025;129.45;130.00;1;3,699;223.75;26/03/2025;;;;;;;;;;;;;;
100;20/06/2025;124.50;125.10;3;324;223.75;26/03/2025;;;;;;;;;;;;;;
105;20/06/2025;119.60;120.15;1;194;223.75;26/03/2025;;;;;;;;;;;;;;
110;20/06/2025;114.70;115.25;5;477;223.75;26/03/2025;;;;;;;;;;;;;;
115;20/06/2025;109.75;110.30;15;390;223.75;26/03/2025;;;;;;;;;;;;;;
120;20/06/2025;104.85;105.30;4;1,254;223.75;26/03/2025;;;;;;;;;;;;;;
125;20/06/2025;99.95;100.55;11;437;223.75;26/03/2025;;;;;;;;;;;;;;
130;20/06/2025;95.05;95.45;27;737;223.75;26/03/2025;;;;;;;;;;;;;;
135;20/06/2025;90.05;90.60;10;783;223.75;26/03/2025;;;;;;;;;;;;;;
140;20/06/2025;85.20;85.70;1;875;223.75;26/03/2025;;;;;;;;;;;;;;
145;20/06/2025;80.35;80.85;1;876;223.75;26/03/2025;;;;;;;;;;;;;;
150;20/06/2025;75.45;75.95;63;1,178;223.75;26/03/2025;;;;;;;;;;;;;;
155;20/06/2025;70.60;71.05;1;1,014;223.75;26/03/2025;;;;;;;;;;;;;;
160;20/06/2025;65.75;66.20;2;2,445;223.75;26/03/2025;;;;;;;;;;;;;;
165;20/06/2025;60.85;61.35;3;1,631;223.75;26/03/2025;;;;;;;;;;;;;;
170;20/06/2025;56.15;56.55;7;2,395;223.75;26/03/2025;;;;;;;;;;;;;;
175;20/06/2025;51.45;51.75;6;2,42;223.75;26/03/2025;;;;;;;;;;;;;;
180;20/06/2025;46.80;47.10;14;6,462;223.75;26/03/2025;;;;;;;;;;;;;;
185;20/06/2025;42.20;42.40;3;3,093;223.75;26/03/2025;;;;;;;;;;;;;;
190;20/06/2025;37.70;37.90;7;7,12;223.75;26/03/2025;;;;;;;;;;;;;;
195;20/06/2025;33.30;33.50;8;7,8;223.75;26/03/2025;;;;;;;;;;;;;;
200;20/06/2025;29.10;29.25;167;15,979;223.75;26/03/2025;;;;;;;;;;;;;;
205;20/06/2025;25.10;25.25;84;7,105;223.75;26/03/2025;;;;;;;;;;;;;;
210;20/06/2025;21.25;21.45;94;14,091;223.75;26/03/2025;;;;;;;;;;;;;;
215;20/06/2025;17.70;17.90;143;12,43;223.75;26/03/2025;;;;;;;;;;;;;;
220;20/06/2025;14.50;14.65;791;15,888;223.75;26/03/2025;;;;;;;;;;;;;;
225;20/06/2025;11.55;11.70;1,222;7,387;223.75;26/03/2025;;;;;;;;;;;;;;
230;20/06/2025;9.00;9.10;1,048;16,206;223.75;26/03/2025;;;;;;;;;;;;;;
235;20/06/2025;6.80;6.90;865;21,976;223.75;26/03/2025;;;;;;;;;;;;;;
240;20/06/2025;5.00;5.15;864;20,934;223.75;26/03/2025;;;;;;;;;;;;;;
245;20/06/2025;3.60;3.70;1,719;20,983;223.75;26/03/2025;;;;;;;;;;;;;;
250;20/06/2025;2.56;2.62;7,168;28,941;223.75;26/03/2025;;;;;;;;;;;;;;
255;20/06/2025;1.78;1.83;318;7,384;223.75;26/03/2025;;;;;;;;;;;;;;
260;20/06/2025;1.24;1.28;753;30,86;223.75;26/03/2025;;;;;;;;;;;;;;
265;20/06/2025;0.87;0.90;161;10,835;223.75;26/03/2025;;;;;;;;;;;;;;
270;20/06/2025;0.62;0.64;189;17,356;223.75;26/03/2025;;;;;;;;;;;;;;
275;20/06/2025;0.45;0.47;220;6,895;223.75;26/03/2025;;;;;;;;;;;;;;
280;20/06/2025;0.34;0.36;111;13,054;223.75;26/03/2025;;;;;;;;;;;;;;
285;20/06/2025;0.25;0.28;35;3,521;223.75;26/03/2025;;;;;;;;;;;;;;
290;20/06/2025;0.20;0.21;8;6,429;223.75;26/03/2025;;;;;;;;;;;;;;
295;20/06/2025;0.15;0.17;3;1,598;223.75;26/03/2025;;;;;;;;;;;;;;
300;20/06/2025;0.13;0.14;152;26,838;223.75;26/03/2025;;;;;;;;;;;;;;
310;20/06/2025;0.08;0.09;22;5,744;223.75;26/03/2025;;;;;;;;;;;;;;
320;20/06/2025;0.06;0.07;7;5,82;223.75;26/03/2025;;;;;;;;;;;;;;
330;20/06/2025;0.04;0.05;8;2,709;223.75;26/03/2025;;;;;;;;;;;;;;
340;20/06/2025;0.03;0.05;3;2,754;223.75;26/03/2025;;;;;;;;;;;;;;
350;20/06/2025;0.02;0.03;12;8,605;223.75;26/03/2025;;;;;;;;;;;;;;
360;20/06/2025;0.02;0.03;50;4,755;223.75;26/03/2025;;;;;;;;;;;;;;